<film copyable="0" duration="2.5" published="0" pshare="0" isWide="1">
  <meta>
    <title><![CDATA[test]]></title>
    <tag><![CDATA[]]></tag>
    <hiddenTag><![CDATA[]]></hiddenTag>
    <desc><![CDATA[]]></desc>
    <mver><![CDATA[4]]></mver>
    <studio>d7446f28669693f5b7a35d41831e43c3662c48bf</studio>
    <thumbnail index="0"/>
    <palette>
      <color value="333333"/>
      <color value="999999"/>
      <color value="fbfbfb"/>
      <color value="669999"/>
      <color value="55bbaa"/>
      <color value="7fbb11"/>
      <color value="15709b"/>
      <color value="9a5d1"/>
      <color value="6ab8d6"/>
      <color value="da2021"/>
      <color value="fecd31"/>
      <color value="28c6c1"/>
      <color value="37444f"/>
    </palette>
  </meta>
  <scene id="SCENE0" adelay="60" lock="N" index="0" color="16777215" guid="83BFEC98-DB52-144D-01DA-84082081FFD3" combgId="custom.cbg_bedroom">
    <durationSetting countMinimum="1" countTransition="1" countAction="1" countBubble="1" countSpeech="1"/>
    <bg id="cbg_bedroom_BG65" index="0">
      <file>custom.bedroom_bg.swf</file>
    </bg>
    <prop id="PROP124" index="3" attached="Y">
      <file>custom.bedroom_blanket_bed.swf</file>
      <x>434</x>
      <y>251</y>
      <xscale>1</xscale>
      <yscale>1</yscale>
      <face>1</face>
      <rotation>0</rotation>
    </prop>
    <prop id="PROP126" index="2" attached="Y">
      <file>custom.bedroom_lamp.swf</file>
      <x>422</x>
      <y>207</y>
      <xscale>1</xscale>
      <yscale>1</yscale>
      <face>1</face>
      <rotation>0</rotation>
    </prop>
    <prop id="PROP127" index="1" attached="Y">
      <file>custom.bedroom_drawer02.swf</file>
      <x>422.6</x>
      <y>280.7</y>
      <xscale>1</xscale>
      <yscale>1</yscale>
      <face>1</face>
      <rotation>0</rotation>
    </prop>
    <effectAsset id="EFFECT0" themecode="common" index="4">
      <effect x="0" y="0" w="550" h="310" rotate="0" id="cut" type="ZOOM" isCut="true" isPan="false"/>
      <x>47</x>
      <y>24</y>
      <width>550</width>
      <height>354</height>
      <speech>0</speech>
    </effectAsset>
  </scene>
</film>